user_id;user_name;employed_at;access_unit;access_type;equipment_class
U1;Evelyn;A1;A1;N;ALPHA
U1;Evelyn;A1;A1;N;BETA
U1;Evelyn;A1;A1;N;DELTA
U1;Evelyn;A1;A1;N;GAMMA
U1;Evelyn;A1;A3;R;ALPHA
U1;Evelyn;A1;A3;R;BETA
U1;Evelyn;A1;A3;R;DELTA
U1;Evelyn;A1;A3;R;GAMMA
U10;Ava;A5;A1;R;ALPHA
U10;Ava;A5;A1;R;BETA
U10;Ava;A5;A1;R;DELTA
U10;Ava;A5;A1;R;GAMMA
U10;Ava;A5;A2;R;ALPHA
U10;Ava;A5;A2;R;BETA
U10;Ava;A5;A2;R;DELTA
U10;Ava;A5;A2;R;GAMMA
U10;Ava;A5;A3;R;ALPHA
U10;Ava;A5;A3;R;BETA
U10;Ava;A5;A3;R;DELTA
U10;Ava;A5;A3;R;GAMMA
U10;Ava;A5;A4;R;ALPHA
U10;Ava;A5;A4;R;DELTA
U10;Ava;A5;A4;R;GAMMA
U10;Ava;A5;A5;N;ALPHA
U10;Ava;A5;A5;N;BETA
U10;Ava;A5;A5;N;DELTA
U10;Ava;A5;A5;N;GAMMA
U100;Charlie;A1;A1;N;ALPHA
U100;Charlie;A1;A1;N;BETA
U100;Charlie;A1;A1;N;DELTA
U100;Charlie;A1;A1;N;GAMMA
U100;Charlie;A1;A3;R;ALPHA
U100;Charlie;A1;A3;R;BETA
U100;Charlie;A1;A3;R;DELTA
U100;Charlie;A1;A3;R;GAMMA
U11;Alice;A5;A1;R;ALPHA
U11;Alice;A5;A1;R;BETA
U11;Alice;A5;A1;R;DELTA
U11;Alice;A5;A1;R;GAMMA
U11;Alice;A5;A2;R;ALPHA
U11;Alice;A5;A2;R;BETA
U11;Alice;A5;A2;R;DELTA
U11;Alice;A5;A2;R;GAMMA
U11;Alice;A5;A3;R;ALPHA
U11;Alice;A5;A3;R;BETA
U11;Alice;A5;A3;R;DELTA
U11;Alice;A5;A3;R;GAMMA
U11;Alice;A5;A4;R;ALPHA
U11;Alice;A5;A4;R;DELTA
U11;Alice;A5;A4;R;GAMMA
U11;Alice;A5;A5;N;ALPHA
U11;Alice;A5;A5;N;BETA
U11;Alice;A5;A5;N;DELTA
U11;Alice;A5;A5;N;GAMMA
U12;Emma;A5;A1;R;ALPHA
U12;Emma;A5;A1;R;BETA
U12;Emma;A5;A1;R;DELTA
U12;Emma;A5;A1;R;GAMMA
U12;Emma;A5;A2;R;ALPHA
U12;Emma;A5;A2;R;BETA
U12;Emma;A5;A2;R;DELTA
U12;Emma;A5;A2;R;GAMMA
U12;Emma;A5;A3;R;ALPHA
U12;Emma;A5;A3;R;BETA
U12;Emma;A5;A3;R;DELTA
U12;Emma;A5;A3;R;GAMMA
U12;Emma;A5;A4;R;ALPHA
U12;Emma;A5;A4;R;DELTA
U12;Emma;A5;A4;R;GAMMA
U12;Emma;A5;A5;N;ALPHA
U12;Emma;A5;A5;N;BETA
U12;Emma;A5;A5;N;DELTA
U12;Emma;A5;A5;N;GAMMA
U13;William;A2;A1;R;ALPHA
U13;William;A2;A1;R;BETA
U13;William;A2;A1;R;DELTA
U13;William;A2;A1;R;GAMMA
U13;William;A2;A2;N;ALPHA
U13;William;A2;A2;N;BETA
U13;William;A2;A2;N;DELTA
U13;William;A2;A2;N;GAMMA
U13;William;A2;A4;R;ALPHA
U13;William;A2;A4;R;DELTA
U13;William;A2;A4;R;GAMMA
U14;Ella;A5;A1;R;ALPHA
U14;Ella;A5;A1;R;BETA
U14;Ella;A5;A1;R;DELTA
U14;Ella;A5;A1;R;GAMMA
U14;Ella;A5;A2;R;ALPHA
U14;Ella;A5;A2;R;BETA
U14;Ella;A5;A2;R;DELTA
U14;Ella;A5;A2;R;GAMMA
U14;Ella;A5;A3;R;ALPHA
U14;Ella;A5;A3;R;BETA
U14;Ella;A5;A3;R;DELTA
U14;Ella;A5;A3;R;GAMMA
U14;Ella;A5;A4;R;ALPHA
U14;Ella;A5;A4;R;DELTA
U14;Ella;A5;A4;R;GAMMA
U14;Ella;A5;A5;N;ALPHA
U14;Ella;A5;A5;N;BETA
U14;Ella;A5;A5;N;DELTA
U14;Ella;A5;A5;N;GAMMA
U15;Olivia;A1;A1;N;ALPHA
U15;Olivia;A1;A1;N;BETA
U15;Olivia;A1;A1;N;DELTA
U15;Olivia;A1;A1;N;GAMMA
U15;Olivia;A1;A3;R;ALPHA
U15;Olivia;A1;A3;R;BETA
U15;Olivia;A1;A3;R;DELTA
U15;Olivia;A1;A3;R;GAMMA
U16;Chloe;A2;A1;R;ALPHA
U16;Chloe;A2;A1;R;BETA
U16;Chloe;A2;A1;R;DELTA
U16;Chloe;A2;A1;R;GAMMA
U16;Chloe;A2;A2;N;ALPHA
U16;Chloe;A2;A2;N;BETA
U16;Chloe;A2;A2;N;DELTA
U16;Chloe;A2;A2;N;GAMMA
U16;Chloe;A2;A4;R;ALPHA
U16;Chloe;A2;A4;R;DELTA
U16;Chloe;A2;A4;R;GAMMA
U17;Grace;A4;A1;R;ALPHA
U17;Grace;A4;A1;R;BETA
U17;Grace;A4;A1;R;DELTA
U17;Grace;A4;A1;R;GAMMA
U17;Grace;A4;A2;R;ALPHA
U17;Grace;A4;A2;R;BETA
U17;Grace;A4;A2;R;DELTA
U17;Grace;A4;A2;R;GAMMA
U17;Grace;A4;A4;N;ALPHA
U17;Grace;A4;A4;N;DELTA
U17;Grace;A4;A4;N;GAMMA
U17;Grace;A4;A5;R;ALPHA
U17;Grace;A4;A5;R;BETA
U17;Grace;A4;A5;R;DELTA
U17;Grace;A4;A5;R;GAMMA
U18;Sophia;A3;A1;R;ALPHA
U18;Sophia;A3;A1;R;BETA
U18;Sophia;A3;A1;R;DELTA
U18;Sophia;A3;A1;R;GAMMA
U18;Sophia;A3;A2;R;ALPHA
U18;Sophia;A3;A2;R;BETA
U18;Sophia;A3;A2;R;DELTA
U18;Sophia;A3;A2;R;GAMMA
U18;Sophia;A3;A3;N;ALPHA
U18;Sophia;A3;A3;N;BETA
U18;Sophia;A3;A3;N;DELTA
U18;Sophia;A3;A3;N;GAMMA
U19;Eric;A2;A1;R;ALPHA
U19;Eric;A2;A1;R;BETA
U19;Eric;A2;A1;R;DELTA
U19;Eric;A2;A1;R;GAMMA
U19;Eric;A2;A2;N;ALPHA
U19;Eric;A2;A2;N;BETA
U19;Eric;A2;A2;N;DELTA
U19;Eric;A2;A2;N;GAMMA
U19;Eric;A2;A4;R;ALPHA
U19;Eric;A2;A4;R;DELTA
U19;Eric;A2;A4;R;GAMMA
U2;Alice;A3;A1;R;ALPHA
U2;Alice;A3;A1;R;BETA
U2;Alice;A3;A1;R;DELTA
U2;Alice;A3;A1;R;GAMMA
U2;Alice;A3;A2;R;ALPHA
U2;Alice;A3;A2;R;BETA
U2;Alice;A3;A2;R;DELTA
U2;Alice;A3;A2;R;GAMMA
U2;Alice;A3;A3;N;ALPHA
U2;Alice;A3;A3;N;BETA
U2;Alice;A3;A3;N;DELTA
U2;Alice;A3;A3;N;GAMMA
U20;Chloe;A3;A1;R;ALPHA
U20;Chloe;A3;A1;R;BETA
U20;Chloe;A3;A1;R;DELTA
U20;Chloe;A3;A1;R;GAMMA
U20;Chloe;A3;A2;R;ALPHA
U20;Chloe;A3;A2;R;BETA
U20;Chloe;A3;A2;R;DELTA
U20;Chloe;A3;A2;R;GAMMA
U20;Chloe;A3;A3;N;ALPHA
U20;Chloe;A3;A3;N;BETA
U20;Chloe;A3;A3;N;DELTA
U20;Chloe;A3;A3;N;GAMMA
U21;Diana;A1;A1;N;ALPHA
U21;Diana;A1;A1;N;BETA
U21;Diana;A1;A1;N;DELTA
U21;Diana;A1;A1;N;GAMMA
U21;Diana;A1;A3;R;ALPHA
U21;Diana;A1;A3;R;BETA
U21;Diana;A1;A3;R;DELTA
U21;Diana;A1;A3;R;GAMMA
U22;Mia;A1;A1;N;ALPHA
U22;Mia;A1;A1;N;BETA
U22;Mia;A1;A1;N;DELTA
U22;Mia;A1;A1;N;GAMMA
U22;Mia;A1;A3;R;ALPHA
U22;Mia;A1;A3;R;BETA
U22;Mia;A1;A3;R;DELTA
U22;Mia;A1;A3;R;GAMMA
U23;Liam;A3;A1;R;ALPHA
U23;Liam;A3;A1;R;BETA
U23;Liam;A3;A1;R;DELTA
U23;Liam;A3;A1;R;GAMMA
U23;Liam;A3;A2;R;ALPHA
U23;Liam;A3;A2;R;BETA
U23;Liam;A3;A2;R;DELTA
U23;Liam;A3;A2;R;GAMMA
U23;Liam;A3;A3;N;ALPHA
U23;Liam;A3;A3;N;BETA
U23;Liam;A3;A3;N;DELTA
U23;Liam;A3;A3;N;GAMMA
U24;Jack;A3;A1;R;ALPHA
U24;Jack;A3;A1;R;BETA
U24;Jack;A3;A1;R;DELTA
U24;Jack;A3;A1;R;GAMMA
U24;Jack;A3;A2;R;ALPHA
U24;Jack;A3;A2;R;BETA
U24;Jack;A3;A2;R;DELTA
U24;Jack;A3;A2;R;GAMMA
U24;Jack;A3;A3;N;ALPHA
U24;Jack;A3;A3;N;BETA
U24;Jack;A3;A3;N;DELTA
U24;Jack;A3;A3;N;GAMMA
U25;Alexander;A1;A1;N;ALPHA
U25;Alexander;A1;A1;N;BETA
U25;Alexander;A1;A1;N;DELTA
U25;Alexander;A1;A1;N;GAMMA
U25;Alexander;A1;A3;R;ALPHA
U25;Alexander;A1;A3;R;BETA
U25;Alexander;A1;A3;R;DELTA
U25;Alexander;A1;A3;R;GAMMA
U26;Oscar;A4;A1;R;ALPHA
U26;Oscar;A4;A1;R;BETA
U26;Oscar;A4;A1;R;DELTA
U26;Oscar;A4;A1;R;GAMMA
U26;Oscar;A4;A2;R;ALPHA
U26;Oscar;A4;A2;R;BETA
U26;Oscar;A4;A2;R;DELTA
U26;Oscar;A4;A2;R;GAMMA
U26;Oscar;A4;A4;N;ALPHA
U26;Oscar;A4;A4;N;DELTA
U26;Oscar;A4;A4;N;GAMMA
U26;Oscar;A4;A5;R;ALPHA
U26;Oscar;A4;A5;R;BETA
U26;Oscar;A4;A5;R;DELTA
U26;Oscar;A4;A5;R;GAMMA
U27;Henry;A1;A1;N;ALPHA
U27;Henry;A1;A1;N;BETA
U27;Henry;A1;A1;N;DELTA
U27;Henry;A1;A1;N;GAMMA
U27;Henry;A1;A3;R;ALPHA
U27;Henry;A1;A3;R;BETA
U27;Henry;A1;A3;R;DELTA
U27;Henry;A1;A3;R;GAMMA
U28;Sebastian;A4;A1;R;ALPHA
U28;Sebastian;A4;A1;R;BETA
U28;Sebastian;A4;A1;R;DELTA
U28;Sebastian;A4;A1;R;GAMMA
U28;Sebastian;A4;A2;R;ALPHA
U28;Sebastian;A4;A2;R;BETA
U28;Sebastian;A4;A2;R;DELTA
U28;Sebastian;A4;A2;R;GAMMA
U28;Sebastian;A4;A4;N;ALPHA
U28;Sebastian;A4;A4;N;DELTA
U28;Sebastian;A4;A4;N;GAMMA
U28;Sebastian;A4;A5;R;ALPHA
U28;Sebastian;A4;A5;R;BETA
U28;Sebastian;A4;A5;R;DELTA
U28;Sebastian;A4;A5;R;GAMMA
U29;Charlie;A5;A1;R;ALPHA
U29;Charlie;A5;A1;R;BETA
U29;Charlie;A5;A1;R;DELTA
U29;Charlie;A5;A1;R;GAMMA
U29;Charlie;A5;A2;R;ALPHA
U29;Charlie;A5;A2;R;BETA
U29;Charlie;A5;A2;R;DELTA
U29;Charlie;A5;A2;R;GAMMA
U29;Charlie;A5;A3;R;ALPHA
U29;Charlie;A5;A3;R;BETA
U29;Charlie;A5;A3;R;DELTA
U29;Charlie;A5;A3;R;GAMMA
U29;Charlie;A5;A4;R;ALPHA
U29;Charlie;A5;A4;R;DELTA
U29;Charlie;A5;A4;R;GAMMA
U29;Charlie;A5;A5;N;ALPHA
U29;Charlie;A5;A5;N;BETA
U29;Charlie;A5;A5;N;DELTA
U29;Charlie;A5;A5;N;GAMMA
U3;Lucas;A2;A1;R;ALPHA
U3;Lucas;A2;A1;R;BETA
U3;Lucas;A2;A1;R;DELTA
U3;Lucas;A2;A1;R;GAMMA
U3;Lucas;A2;A2;N;ALPHA
U3;Lucas;A2;A2;N;BETA
U3;Lucas;A2;A2;N;DELTA
U3;Lucas;A2;A2;N;GAMMA
U3;Lucas;A2;A4;R;ALPHA
U3;Lucas;A2;A4;R;DELTA
U3;Lucas;A2;A4;R;GAMMA
U30;Noah;A5;A1;R;ALPHA
U30;Noah;A5;A1;R;BETA
U30;Noah;A5;A1;R;DELTA
U30;Noah;A5;A1;R;GAMMA
U30;Noah;A5;A2;R;ALPHA
U30;Noah;A5;A2;R;BETA
U30;Noah;A5;A2;R;DELTA
U30;Noah;A5;A2;R;GAMMA
U30;Noah;A5;A3;R;ALPHA
U30;Noah;A5;A3;R;BETA
U30;Noah;A5;A3;R;DELTA
U30;Noah;A5;A3;R;GAMMA
U30;Noah;A5;A4;R;ALPHA
U30;Noah;A5;A4;R;DELTA
U30;Noah;A5;A4;R;GAMMA
U30;Noah;A5;A5;N;ALPHA
U30;Noah;A5;A5;N;BETA
U30;Noah;A5;A5;N;DELTA
U30;Noah;A5;A5;N;GAMMA
U31;Hannah;A3;A1;R;ALPHA
U31;Hannah;A3;A1;R;BETA
U31;Hannah;A3;A1;R;DELTA
U31;Hannah;A3;A1;R;GAMMA
U31;Hannah;A3;A2;R;ALPHA
U31;Hannah;A3;A2;R;BETA
U31;Hannah;A3;A2;R;DELTA
U31;Hannah;A3;A2;R;GAMMA
U31;Hannah;A3;A3;N;ALPHA
U31;Hannah;A3;A3;N;BETA
U31;Hannah;A3;A3;N;DELTA
U31;Hannah;A3;A3;N;GAMMA
U32;Isabella;A2;A1;R;ALPHA
U32;Isabella;A2;A1;R;BETA
U32;Isabella;A2;A1;R;DELTA
U32;Isabella;A2;A1;R;GAMMA
U32;Isabella;A2;A2;N;ALPHA
U32;Isabella;A2;A2;N;BETA
U32;Isabella;A2;A2;N;DELTA
U32;Isabella;A2;A2;N;GAMMA
U32;Isabella;A2;A4;R;ALPHA
U32;Isabella;A2;A4;R;DELTA
U32;Isabella;A2;A4;R;GAMMA
U33;Grace;A1;A1;N;ALPHA
U33;Grace;A1;A1;N;BETA
U33;Grace;A1;A1;N;DELTA
U33;Grace;A1;A1;N;GAMMA
U33;Grace;A1;A3;R;ALPHA
U33;Grace;A1;A3;R;BETA
U33;Grace;A1;A3;R;DELTA
U33;Grace;A1;A3;R;GAMMA
U34;Bob;A2;A1;R;ALPHA
U34;Bob;A2;A1;R;BETA
U34;Bob;A2;A1;R;DELTA
U34;Bob;A2;A1;R;GAMMA
U34;Bob;A2;A2;N;ALPHA
U34;Bob;A2;A2;N;BETA
U34;Bob;A2;A2;N;DELTA
U34;Bob;A2;A2;N;GAMMA
U34;Bob;A2;A4;R;ALPHA
U34;Bob;A2;A4;R;DELTA
U34;Bob;A2;A4;R;GAMMA
U35;Chloe;A3;A1;R;ALPHA
U35;Chloe;A3;A1;R;BETA
U35;Chloe;A3;A1;R;DELTA
U35;Chloe;A3;A1;R;GAMMA
U35;Chloe;A3;A2;R;ALPHA
U35;Chloe;A3;A2;R;BETA
U35;Chloe;A3;A2;R;DELTA
U35;Chloe;A3;A2;R;GAMMA
U35;Chloe;A3;A3;N;ALPHA
U35;Chloe;A3;A3;N;BETA
U35;Chloe;A3;A3;N;DELTA
U35;Chloe;A3;A3;N;GAMMA
U36;Charlie;A2;A1;R;ALPHA
U36;Charlie;A2;A1;R;BETA
U36;Charlie;A2;A1;R;DELTA
U36;Charlie;A2;A1;R;GAMMA
U36;Charlie;A2;A2;N;ALPHA
U36;Charlie;A2;A2;N;BETA
U36;Charlie;A2;A2;N;DELTA
U36;Charlie;A2;A2;N;GAMMA
U36;Charlie;A2;A4;R;ALPHA
U36;Charlie;A2;A4;R;DELTA
U36;Charlie;A2;A4;R;GAMMA
U37;Daniel;A1;A1;N;ALPHA
U37;Daniel;A1;A1;N;BETA
U37;Daniel;A1;A1;N;DELTA
U37;Daniel;A1;A1;N;GAMMA
U37;Daniel;A1;A3;R;ALPHA
U37;Daniel;A1;A3;R;BETA
U37;Daniel;A1;A3;R;DELTA
U37;Daniel;A1;A3;R;GAMMA
U38;Mia;A3;A1;R;ALPHA
U38;Mia;A3;A1;R;BETA
U38;Mia;A3;A1;R;DELTA
U38;Mia;A3;A1;R;GAMMA
U38;Mia;A3;A2;R;ALPHA
U38;Mia;A3;A2;R;BETA
U38;Mia;A3;A2;R;DELTA
U38;Mia;A3;A2;R;GAMMA
U38;Mia;A3;A3;N;ALPHA
U38;Mia;A3;A3;N;BETA
U38;Mia;A3;A3;N;DELTA
U38;Mia;A3;A3;N;GAMMA
U39;Ella;A3;A1;R;ALPHA
U39;Ella;A3;A1;R;BETA
U39;Ella;A3;A1;R;DELTA
U39;Ella;A3;A1;R;GAMMA
U39;Ella;A3;A2;R;ALPHA
U39;Ella;A3;A2;R;BETA
U39;Ella;A3;A2;R;DELTA
U39;Ella;A3;A2;R;GAMMA
U39;Ella;A3;A3;N;ALPHA
U39;Ella;A3;A3;N;BETA
U39;Ella;A3;A3;N;DELTA
U39;Ella;A3;A3;N;GAMMA
U4;Eric;A1;A1;N;ALPHA
U4;Eric;A1;A1;N;BETA
U4;Eric;A1;A1;N;DELTA
U4;Eric;A1;A1;N;GAMMA
U4;Eric;A1;A3;R;ALPHA
U4;Eric;A1;A3;R;BETA
U4;Eric;A1;A3;R;DELTA
U4;Eric;A1;A3;R;GAMMA
U40;James;A3;A1;R;ALPHA
U40;James;A3;A1;R;BETA
U40;James;A3;A1;R;DELTA
U40;James;A3;A1;R;GAMMA
U40;James;A3;A2;R;ALPHA
U40;James;A3;A2;R;BETA
U40;James;A3;A2;R;DELTA
U40;James;A3;A2;R;GAMMA
U40;James;A3;A3;N;ALPHA
U40;James;A3;A3;N;BETA
U40;James;A3;A3;N;DELTA
U40;James;A3;A3;N;GAMMA
U41;Liam;A2;A1;R;ALPHA
U41;Liam;A2;A1;R;BETA
U41;Liam;A2;A1;R;DELTA
U41;Liam;A2;A1;R;GAMMA
U41;Liam;A2;A2;N;ALPHA
U41;Liam;A2;A2;N;BETA
U41;Liam;A2;A2;N;DELTA
U41;Liam;A2;A2;N;GAMMA
U41;Liam;A2;A4;R;ALPHA
U41;Liam;A2;A4;R;DELTA
U41;Liam;A2;A4;R;GAMMA
U42;Leo;A3;A1;R;ALPHA
U42;Leo;A3;A1;R;BETA
U42;Leo;A3;A1;R;DELTA
U42;Leo;A3;A1;R;GAMMA
U42;Leo;A3;A2;R;ALPHA
U42;Leo;A3;A2;R;BETA
U42;Leo;A3;A2;R;DELTA
U42;Leo;A3;A2;R;GAMMA
U42;Leo;A3;A3;N;ALPHA
U42;Leo;A3;A3;N;BETA
U42;Leo;A3;A3;N;DELTA
U42;Leo;A3;A3;N;GAMMA
U43;Grace;A1;A1;N;ALPHA
U43;Grace;A1;A1;N;BETA
U43;Grace;A1;A1;N;DELTA
U43;Grace;A1;A1;N;GAMMA
U43;Grace;A1;A3;R;ALPHA
U43;Grace;A1;A3;R;BETA
U43;Grace;A1;A3;R;DELTA
U43;Grace;A1;A3;R;GAMMA
U44;Jack;A2;A1;R;ALPHA
U44;Jack;A2;A1;R;BETA
U44;Jack;A2;A1;R;DELTA
U44;Jack;A2;A1;R;GAMMA
U44;Jack;A2;A2;N;ALPHA
U44;Jack;A2;A2;N;BETA
U44;Jack;A2;A2;N;DELTA
U44;Jack;A2;A2;N;GAMMA
U44;Jack;A2;A4;R;ALPHA
U44;Jack;A2;A4;R;DELTA
U44;Jack;A2;A4;R;GAMMA
U45;Henry;A2;A1;R;ALPHA
U45;Henry;A2;A1;R;BETA
U45;Henry;A2;A1;R;DELTA
U45;Henry;A2;A1;R;GAMMA
U45;Henry;A2;A2;N;ALPHA
U45;Henry;A2;A2;N;BETA
U45;Henry;A2;A2;N;DELTA
U45;Henry;A2;A2;N;GAMMA
U45;Henry;A2;A4;R;ALPHA
U45;Henry;A2;A4;R;DELTA
U45;Henry;A2;A4;R;GAMMA
U46;James;A4;A1;R;ALPHA
U46;James;A4;A1;R;BETA
U46;James;A4;A1;R;DELTA
U46;James;A4;A1;R;GAMMA
U46;James;A4;A2;R;ALPHA
U46;James;A4;A2;R;BETA
U46;James;A4;A2;R;DELTA
U46;James;A4;A2;R;GAMMA
U46;James;A4;A4;N;ALPHA
U46;James;A4;A4;N;DELTA
U46;James;A4;A4;N;GAMMA
U46;James;A4;A5;R;ALPHA
U46;James;A4;A5;R;BETA
U46;James;A4;A5;R;DELTA
U46;James;A4;A5;R;GAMMA
U47;Mia;A3;A1;R;ALPHA
U47;Mia;A3;A1;R;BETA
U47;Mia;A3;A1;R;DELTA
U47;Mia;A3;A1;R;GAMMA
U47;Mia;A3;A2;R;ALPHA
U47;Mia;A3;A2;R;BETA
U47;Mia;A3;A2;R;DELTA
U47;Mia;A3;A2;R;GAMMA
U47;Mia;A3;A3;N;ALPHA
U47;Mia;A3;A3;N;BETA
U47;Mia;A3;A3;N;DELTA
U47;Mia;A3;A3;N;GAMMA
U48;Sebastian;A5;A1;R;ALPHA
U48;Sebastian;A5;A1;R;BETA
U48;Sebastian;A5;A1;R;DELTA
U48;Sebastian;A5;A1;R;GAMMA
U48;Sebastian;A5;A2;R;ALPHA
U48;Sebastian;A5;A2;R;BETA
U48;Sebastian;A5;A2;R;DELTA
U48;Sebastian;A5;A2;R;GAMMA
U48;Sebastian;A5;A3;R;ALPHA
U48;Sebastian;A5;A3;R;BETA
U48;Sebastian;A5;A3;R;DELTA
U48;Sebastian;A5;A3;R;GAMMA
U48;Sebastian;A5;A4;R;ALPHA
U48;Sebastian;A5;A4;R;DELTA
U48;Sebastian;A5;A4;R;GAMMA
U48;Sebastian;A5;A5;N;ALPHA
U48;Sebastian;A5;A5;N;BETA
U48;Sebastian;A5;A5;N;DELTA
U48;Sebastian;A5;A5;N;GAMMA
U49;Lucas;A3;A1;R;ALPHA
U49;Lucas;A3;A1;R;BETA
U49;Lucas;A3;A1;R;DELTA
U49;Lucas;A3;A1;R;GAMMA
U49;Lucas;A3;A2;R;ALPHA
U49;Lucas;A3;A2;R;BETA
U49;Lucas;A3;A2;R;DELTA
U49;Lucas;A3;A2;R;GAMMA
U49;Lucas;A3;A3;N;ALPHA
U49;Lucas;A3;A3;N;BETA
U49;Lucas;A3;A3;N;DELTA
U49;Lucas;A3;A3;N;GAMMA
U5;Leo;A5;A1;R;ALPHA
U5;Leo;A5;A1;R;BETA
U5;Leo;A5;A1;R;DELTA
U5;Leo;A5;A1;R;GAMMA
U5;Leo;A5;A2;R;ALPHA
U5;Leo;A5;A2;R;BETA
U5;Leo;A5;A2;R;DELTA
U5;Leo;A5;A2;R;GAMMA
U5;Leo;A5;A3;R;ALPHA
U5;Leo;A5;A3;R;BETA
U5;Leo;A5;A3;R;DELTA
U5;Leo;A5;A3;R;GAMMA
U5;Leo;A5;A4;R;ALPHA
U5;Leo;A5;A4;R;DELTA
U5;Leo;A5;A4;R;GAMMA
U5;Leo;A5;A5;N;ALPHA
U5;Leo;A5;A5;N;BETA
U5;Leo;A5;A5;N;DELTA
U5;Leo;A5;A5;N;GAMMA
U50;Emily;A1;A1;N;ALPHA
U50;Emily;A1;A1;N;BETA
U50;Emily;A1;A1;N;DELTA
U50;Emily;A1;A1;N;GAMMA
U50;Emily;A1;A3;R;ALPHA
U50;Emily;A1;A3;R;BETA
U50;Emily;A1;A3;R;DELTA
U50;Emily;A1;A3;R;GAMMA
U51;Lucas;A1;A1;N;ALPHA
U51;Lucas;A1;A1;N;BETA
U51;Lucas;A1;A1;N;DELTA
U51;Lucas;A1;A1;N;GAMMA
U51;Lucas;A1;A3;R;ALPHA
U51;Lucas;A1;A3;R;BETA
U51;Lucas;A1;A3;R;DELTA
U51;Lucas;A1;A3;R;GAMMA
U52;Alexander;A3;A1;R;ALPHA
U52;Alexander;A3;A1;R;BETA
U52;Alexander;A3;A1;R;DELTA
U52;Alexander;A3;A1;R;GAMMA
U52;Alexander;A3;A2;R;ALPHA
U52;Alexander;A3;A2;R;BETA
U52;Alexander;A3;A2;R;DELTA
U52;Alexander;A3;A2;R;GAMMA
U52;Alexander;A3;A3;N;ALPHA
U52;Alexander;A3;A3;N;BETA
U52;Alexander;A3;A3;N;DELTA
U52;Alexander;A3;A3;N;GAMMA
U53;Mia;A3;A1;R;ALPHA
U53;Mia;A3;A1;R;BETA
U53;Mia;A3;A1;R;DELTA
U53;Mia;A3;A1;R;GAMMA
U53;Mia;A3;A2;R;ALPHA
U53;Mia;A3;A2;R;BETA
U53;Mia;A3;A2;R;DELTA
U53;Mia;A3;A2;R;GAMMA
U53;Mia;A3;A3;N;ALPHA
U53;Mia;A3;A3;N;BETA
U53;Mia;A3;A3;N;DELTA
U53;Mia;A3;A3;N;GAMMA
U54;Charlie;A2;A1;R;ALPHA
U54;Charlie;A2;A1;R;BETA
U54;Charlie;A2;A1;R;DELTA
U54;Charlie;A2;A1;R;GAMMA
U54;Charlie;A2;A2;N;ALPHA
U54;Charlie;A2;A2;N;BETA
U54;Charlie;A2;A2;N;DELTA
U54;Charlie;A2;A2;N;GAMMA
U54;Charlie;A2;A4;R;ALPHA
U54;Charlie;A2;A4;R;DELTA
U54;Charlie;A2;A4;R;GAMMA
U55;Sebastian;A5;A1;R;ALPHA
U55;Sebastian;A5;A1;R;BETA
U55;Sebastian;A5;A1;R;DELTA
U55;Sebastian;A5;A1;R;GAMMA
U55;Sebastian;A5;A2;R;ALPHA
U55;Sebastian;A5;A2;R;BETA
U55;Sebastian;A5;A2;R;DELTA
U55;Sebastian;A5;A2;R;GAMMA
U55;Sebastian;A5;A3;R;ALPHA
U55;Sebastian;A5;A3;R;BETA
U55;Sebastian;A5;A3;R;DELTA
U55;Sebastian;A5;A3;R;GAMMA
U55;Sebastian;A5;A4;R;ALPHA
U55;Sebastian;A5;A4;R;DELTA
U55;Sebastian;A5;A4;R;GAMMA
U55;Sebastian;A5;A5;N;ALPHA
U55;Sebastian;A5;A5;N;BETA
U55;Sebastian;A5;A5;N;DELTA
U55;Sebastian;A5;A5;N;GAMMA
U56;Hannah;A3;A1;R;ALPHA
U56;Hannah;A3;A1;R;BETA
U56;Hannah;A3;A1;R;DELTA
U56;Hannah;A3;A1;R;GAMMA
U56;Hannah;A3;A2;R;ALPHA
U56;Hannah;A3;A2;R;BETA
U56;Hannah;A3;A2;R;DELTA
U56;Hannah;A3;A2;R;GAMMA
U56;Hannah;A3;A3;N;ALPHA
U56;Hannah;A3;A3;N;BETA
U56;Hannah;A3;A3;N;DELTA
U56;Hannah;A3;A3;N;GAMMA
U57;Emma;A4;A1;R;ALPHA
U57;Emma;A4;A1;R;BETA
U57;Emma;A4;A1;R;DELTA
U57;Emma;A4;A1;R;GAMMA
U57;Emma;A4;A2;R;ALPHA
U57;Emma;A4;A2;R;BETA
U57;Emma;A4;A2;R;DELTA
U57;Emma;A4;A2;R;GAMMA
U57;Emma;A4;A4;N;ALPHA
U57;Emma;A4;A4;N;DELTA
U57;Emma;A4;A4;N;GAMMA
U57;Emma;A4;A5;R;ALPHA
U57;Emma;A4;A5;R;BETA
U57;Emma;A4;A5;R;DELTA
U57;Emma;A4;A5;R;GAMMA
U58;Mia;A4;A1;R;ALPHA
U58;Mia;A4;A1;R;BETA
U58;Mia;A4;A1;R;DELTA
U58;Mia;A4;A1;R;GAMMA
U58;Mia;A4;A2;R;ALPHA
U58;Mia;A4;A2;R;BETA
U58;Mia;A4;A2;R;DELTA
U58;Mia;A4;A2;R;GAMMA
U58;Mia;A4;A4;N;ALPHA
U58;Mia;A4;A4;N;DELTA
U58;Mia;A4;A4;N;GAMMA
U58;Mia;A4;A5;R;ALPHA
U58;Mia;A4;A5;R;BETA
U58;Mia;A4;A5;R;DELTA
U58;Mia;A4;A5;R;GAMMA
U59;Eric;A3;A1;R;ALPHA
U59;Eric;A3;A1;R;BETA
U59;Eric;A3;A1;R;DELTA
U59;Eric;A3;A1;R;GAMMA
U59;Eric;A3;A2;R;ALPHA
U59;Eric;A3;A2;R;BETA
U59;Eric;A3;A2;R;DELTA
U59;Eric;A3;A2;R;GAMMA
U59;Eric;A3;A3;N;ALPHA
U59;Eric;A3;A3;N;BETA
U59;Eric;A3;A3;N;DELTA
U59;Eric;A3;A3;N;GAMMA
U6;Charlie;A5;A1;R;ALPHA
U6;Charlie;A5;A1;R;BETA
U6;Charlie;A5;A1;R;DELTA
U6;Charlie;A5;A1;R;GAMMA
U6;Charlie;A5;A2;R;ALPHA
U6;Charlie;A5;A2;R;BETA
U6;Charlie;A5;A2;R;DELTA
U6;Charlie;A5;A2;R;GAMMA
U6;Charlie;A5;A3;R;ALPHA
U6;Charlie;A5;A3;R;BETA
U6;Charlie;A5;A3;R;DELTA
U6;Charlie;A5;A3;R;GAMMA
U6;Charlie;A5;A4;R;ALPHA
U6;Charlie;A5;A4;R;DELTA
U6;Charlie;A5;A4;R;GAMMA
U6;Charlie;A5;A5;N;ALPHA
U6;Charlie;A5;A5;N;BETA
U6;Charlie;A5;A5;N;DELTA
U6;Charlie;A5;A5;N;GAMMA
U60;Eric;A2;A1;R;ALPHA
U60;Eric;A2;A1;R;BETA
U60;Eric;A2;A1;R;DELTA
U60;Eric;A2;A1;R;GAMMA
U60;Eric;A2;A2;N;ALPHA
U60;Eric;A2;A2;N;BETA
U60;Eric;A2;A2;N;DELTA
U60;Eric;A2;A2;N;GAMMA
U60;Eric;A2;A4;R;ALPHA
U60;Eric;A2;A4;R;DELTA
U60;Eric;A2;A4;R;GAMMA
U61;Oscar;A5;A1;R;ALPHA
U61;Oscar;A5;A1;R;BETA
U61;Oscar;A5;A1;R;DELTA
U61;Oscar;A5;A1;R;GAMMA
U61;Oscar;A5;A2;R;ALPHA
U61;Oscar;A5;A2;R;BETA
U61;Oscar;A5;A2;R;DELTA
U61;Oscar;A5;A2;R;GAMMA
U61;Oscar;A5;A3;R;ALPHA
U61;Oscar;A5;A3;R;BETA
U61;Oscar;A5;A3;R;DELTA
U61;Oscar;A5;A3;R;GAMMA
U61;Oscar;A5;A4;R;ALPHA
U61;Oscar;A5;A4;R;DELTA
U61;Oscar;A5;A4;R;GAMMA
U61;Oscar;A5;A5;N;ALPHA
U61;Oscar;A5;A5;N;BETA
U61;Oscar;A5;A5;N;DELTA
U61;Oscar;A5;A5;N;GAMMA
U62;Henry;A3;A1;R;ALPHA
U62;Henry;A3;A1;R;BETA
U62;Henry;A3;A1;R;DELTA
U62;Henry;A3;A1;R;GAMMA
U62;Henry;A3;A2;R;ALPHA
U62;Henry;A3;A2;R;BETA
U62;Henry;A3;A2;R;DELTA
U62;Henry;A3;A2;R;GAMMA
U62;Henry;A3;A3;N;ALPHA
U62;Henry;A3;A3;N;BETA
U62;Henry;A3;A3;N;DELTA
U62;Henry;A3;A3;N;GAMMA
U63;Oscar;A5;A1;R;ALPHA
U63;Oscar;A5;A1;R;BETA
U63;Oscar;A5;A1;R;DELTA
U63;Oscar;A5;A1;R;GAMMA
U63;Oscar;A5;A2;R;ALPHA
U63;Oscar;A5;A2;R;BETA
U63;Oscar;A5;A2;R;DELTA
U63;Oscar;A5;A2;R;GAMMA
U63;Oscar;A5;A3;R;ALPHA
U63;Oscar;A5;A3;R;BETA
U63;Oscar;A5;A3;R;DELTA
U63;Oscar;A5;A3;R;GAMMA
U63;Oscar;A5;A4;R;ALPHA
U63;Oscar;A5;A4;R;DELTA
U63;Oscar;A5;A4;R;GAMMA
U63;Oscar;A5;A5;N;ALPHA
U63;Oscar;A5;A5;N;BETA
U63;Oscar;A5;A5;N;DELTA
U63;Oscar;A5;A5;N;GAMMA
U64;William;A5;A1;R;ALPHA
U64;William;A5;A1;R;BETA
U64;William;A5;A1;R;DELTA
U64;William;A5;A1;R;GAMMA
U64;William;A5;A2;R;ALPHA
U64;William;A5;A2;R;BETA
U64;William;A5;A2;R;DELTA
U64;William;A5;A2;R;GAMMA
U64;William;A5;A3;R;ALPHA
U64;William;A5;A3;R;BETA
U64;William;A5;A3;R;DELTA
U64;William;A5;A3;R;GAMMA
U64;William;A5;A4;R;ALPHA
U64;William;A5;A4;R;DELTA
U64;William;A5;A4;R;GAMMA
U64;William;A5;A5;N;ALPHA
U64;William;A5;A5;N;BETA
U64;William;A5;A5;N;DELTA
U64;William;A5;A5;N;GAMMA
U65;Mia;A3;A1;R;ALPHA
U65;Mia;A3;A1;R;BETA
U65;Mia;A3;A1;R;DELTA
U65;Mia;A3;A1;R;GAMMA
U65;Mia;A3;A2;R;ALPHA
U65;Mia;A3;A2;R;BETA
U65;Mia;A3;A2;R;DELTA
U65;Mia;A3;A2;R;GAMMA
U65;Mia;A3;A3;N;ALPHA
U65;Mia;A3;A3;N;BETA
U65;Mia;A3;A3;N;DELTA
U65;Mia;A3;A3;N;GAMMA
U66;Lucas;A2;A1;R;ALPHA
U66;Lucas;A2;A1;R;BETA
U66;Lucas;A2;A1;R;DELTA
U66;Lucas;A2;A1;R;GAMMA
U66;Lucas;A2;A2;N;ALPHA
U66;Lucas;A2;A2;N;BETA
U66;Lucas;A2;A2;N;DELTA
U66;Lucas;A2;A2;N;GAMMA
U66;Lucas;A2;A4;R;ALPHA
U66;Lucas;A2;A4;R;DELTA
U66;Lucas;A2;A4;R;GAMMA
U67;Ava;A4;A1;R;ALPHA
U67;Ava;A4;A1;R;BETA
U67;Ava;A4;A1;R;DELTA
U67;Ava;A4;A1;R;GAMMA
U67;Ava;A4;A2;R;ALPHA
U67;Ava;A4;A2;R;BETA
U67;Ava;A4;A2;R;DELTA
U67;Ava;A4;A2;R;GAMMA
U67;Ava;A4;A4;N;ALPHA
U67;Ava;A4;A4;N;DELTA
U67;Ava;A4;A4;N;GAMMA
U67;Ava;A4;A5;R;ALPHA
U67;Ava;A4;A5;R;BETA
U67;Ava;A4;A5;R;DELTA
U67;Ava;A4;A5;R;GAMMA
U68;Charlie;A1;A1;N;ALPHA
U68;Charlie;A1;A1;N;BETA
U68;Charlie;A1;A1;N;DELTA
U68;Charlie;A1;A1;N;GAMMA
U68;Charlie;A1;A3;R;ALPHA
U68;Charlie;A1;A3;R;BETA
U68;Charlie;A1;A3;R;DELTA
U68;Charlie;A1;A3;R;GAMMA
U69;Daniel;A1;A1;N;ALPHA
U69;Daniel;A1;A1;N;BETA
U69;Daniel;A1;A1;N;DELTA
U69;Daniel;A1;A1;N;GAMMA
U69;Daniel;A1;A3;R;ALPHA
U69;Daniel;A1;A3;R;BETA
U69;Daniel;A1;A3;R;DELTA
U69;Daniel;A1;A3;R;GAMMA
U7;William;A1;A1;N;ALPHA
U7;William;A1;A1;N;BETA
U7;William;A1;A1;N;DELTA
U7;William;A1;A1;N;GAMMA
U7;William;A1;A3;R;ALPHA
U7;William;A1;A3;R;BETA
U7;William;A1;A3;R;DELTA
U7;William;A1;A3;R;GAMMA
U70;Eric;A2;A1;R;ALPHA
U70;Eric;A2;A1;R;BETA
U70;Eric;A2;A1;R;DELTA
U70;Eric;A2;A1;R;GAMMA
U70;Eric;A2;A2;N;ALPHA
U70;Eric;A2;A2;N;BETA
U70;Eric;A2;A2;N;DELTA
U70;Eric;A2;A2;N;GAMMA
U70;Eric;A2;A4;R;ALPHA
U70;Eric;A2;A4;R;DELTA
U70;Eric;A2;A4;R;GAMMA
U71;Alexander;A4;A1;R;ALPHA
U71;Alexander;A4;A1;R;BETA
U71;Alexander;A4;A1;R;DELTA
U71;Alexander;A4;A1;R;GAMMA
U71;Alexander;A4;A2;R;ALPHA
U71;Alexander;A4;A2;R;BETA
U71;Alexander;A4;A2;R;DELTA
U71;Alexander;A4;A2;R;GAMMA
U71;Alexander;A4;A4;N;ALPHA
U71;Alexander;A4;A4;N;DELTA
U71;Alexander;A4;A4;N;GAMMA
U71;Alexander;A4;A5;R;ALPHA
U71;Alexander;A4;A5;R;BETA
U71;Alexander;A4;A5;R;DELTA
U71;Alexander;A4;A5;R;GAMMA
U72;Jack;A1;A1;N;ALPHA
U72;Jack;A1;A1;N;BETA
U72;Jack;A1;A1;N;DELTA
U72;Jack;A1;A1;N;GAMMA
U72;Jack;A1;A3;R;ALPHA
U72;Jack;A1;A3;R;BETA
U72;Jack;A1;A3;R;DELTA
U72;Jack;A1;A3;R;GAMMA
U73;Mia;A4;A1;R;ALPHA
U73;Mia;A4;A1;R;BETA
U73;Mia;A4;A1;R;DELTA
U73;Mia;A4;A1;R;GAMMA
U73;Mia;A4;A2;R;ALPHA
U73;Mia;A4;A2;R;BETA
U73;Mia;A4;A2;R;DELTA
U73;Mia;A4;A2;R;GAMMA
U73;Mia;A4;A4;N;ALPHA
U73;Mia;A4;A4;N;DELTA
U73;Mia;A4;A4;N;GAMMA
U73;Mia;A4;A5;R;ALPHA
U73;Mia;A4;A5;R;BETA
U73;Mia;A4;A5;R;DELTA
U73;Mia;A4;A5;R;GAMMA
U74;Jack;A4;A1;R;ALPHA
U74;Jack;A4;A1;R;BETA
U74;Jack;A4;A1;R;DELTA
U74;Jack;A4;A1;R;GAMMA
U74;Jack;A4;A2;R;ALPHA
U74;Jack;A4;A2;R;BETA
U74;Jack;A4;A2;R;DELTA
U74;Jack;A4;A2;R;GAMMA
U74;Jack;A4;A4;N;ALPHA
U74;Jack;A4;A4;N;DELTA
U74;Jack;A4;A4;N;GAMMA
U74;Jack;A4;A5;R;ALPHA
U74;Jack;A4;A5;R;BETA
U74;Jack;A4;A5;R;DELTA
U74;Jack;A4;A5;R;GAMMA
U75;Ava;A3;A1;R;ALPHA
U75;Ava;A3;A1;R;BETA
U75;Ava;A3;A1;R;DELTA
U75;Ava;A3;A1;R;GAMMA
U75;Ava;A3;A2;R;ALPHA
U75;Ava;A3;A2;R;BETA
U75;Ava;A3;A2;R;DELTA
U75;Ava;A3;A2;R;GAMMA
U75;Ava;A3;A3;N;ALPHA
U75;Ava;A3;A3;N;BETA
U75;Ava;A3;A3;N;DELTA
U75;Ava;A3;A3;N;GAMMA
U76;Henry;A1;A1;N;ALPHA
U76;Henry;A1;A1;N;BETA
U76;Henry;A1;A1;N;DELTA
U76;Henry;A1;A1;N;GAMMA
U76;Henry;A1;A3;R;ALPHA
U76;Henry;A1;A3;R;BETA
U76;Henry;A1;A3;R;DELTA
U76;Henry;A1;A3;R;GAMMA
U77;Leo;A1;A1;N;ALPHA
U77;Leo;A1;A1;N;BETA
U77;Leo;A1;A1;N;DELTA
U77;Leo;A1;A1;N;GAMMA
U77;Leo;A1;A3;R;ALPHA
U77;Leo;A1;A3;R;BETA
U77;Leo;A1;A3;R;DELTA
U77;Leo;A1;A3;R;GAMMA
U78;Leo;A5;A1;R;ALPHA
U78;Leo;A5;A1;R;BETA
U78;Leo;A5;A1;R;DELTA
U78;Leo;A5;A1;R;GAMMA
U78;Leo;A5;A2;R;ALPHA
U78;Leo;A5;A2;R;BETA
U78;Leo;A5;A2;R;DELTA
U78;Leo;A5;A2;R;GAMMA
U78;Leo;A5;A3;R;ALPHA
U78;Leo;A5;A3;R;BETA
U78;Leo;A5;A3;R;DELTA
U78;Leo;A5;A3;R;GAMMA
U78;Leo;A5;A4;R;ALPHA
U78;Leo;A5;A4;R;DELTA
U78;Leo;A5;A4;R;GAMMA
U78;Leo;A5;A5;N;ALPHA
U78;Leo;A5;A5;N;BETA
U78;Leo;A5;A5;N;DELTA
U78;Leo;A5;A5;N;GAMMA
U79;Chloe;A3;A1;R;ALPHA
U79;Chloe;A3;A1;R;BETA
U79;Chloe;A3;A1;R;DELTA
U79;Chloe;A3;A1;R;GAMMA
U79;Chloe;A3;A2;R;ALPHA
U79;Chloe;A3;A2;R;BETA
U79;Chloe;A3;A2;R;DELTA
U79;Chloe;A3;A2;R;GAMMA
U79;Chloe;A3;A3;N;ALPHA
U79;Chloe;A3;A3;N;BETA
U79;Chloe;A3;A3;N;DELTA
U79;Chloe;A3;A3;N;GAMMA
U8;Alice;A1;A1;N;ALPHA
U8;Alice;A1;A1;N;BETA
U8;Alice;A1;A1;N;DELTA
U8;Alice;A1;A1;N;GAMMA
U8;Alice;A1;A3;R;ALPHA
U8;Alice;A1;A3;R;BETA
U8;Alice;A1;A3;R;DELTA
U8;Alice;A1;A3;R;GAMMA
U80;Chloe;A3;A1;R;ALPHA
U80;Chloe;A3;A1;R;BETA
U80;Chloe;A3;A1;R;DELTA
U80;Chloe;A3;A1;R;GAMMA
U80;Chloe;A3;A2;R;ALPHA
U80;Chloe;A3;A2;R;BETA
U80;Chloe;A3;A2;R;DELTA
U80;Chloe;A3;A2;R;GAMMA
U80;Chloe;A3;A3;N;ALPHA
U80;Chloe;A3;A3;N;BETA
U80;Chloe;A3;A3;N;DELTA
U80;Chloe;A3;A3;N;GAMMA
U81;Diana;A3;A1;R;ALPHA
U81;Diana;A3;A1;R;BETA
U81;Diana;A3;A1;R;DELTA
U81;Diana;A3;A1;R;GAMMA
U81;Diana;A3;A2;R;ALPHA
U81;Diana;A3;A2;R;BETA
U81;Diana;A3;A2;R;DELTA
U81;Diana;A3;A2;R;GAMMA
U81;Diana;A3;A3;N;ALPHA
U81;Diana;A3;A3;N;BETA
U81;Diana;A3;A3;N;DELTA
U81;Diana;A3;A3;N;GAMMA
U82;William;A2;A1;R;ALPHA
U82;William;A2;A1;R;BETA
U82;William;A2;A1;R;DELTA
U82;William;A2;A1;R;GAMMA
U82;William;A2;A2;N;ALPHA
U82;William;A2;A2;N;BETA
U82;William;A2;A2;N;DELTA
U82;William;A2;A2;N;GAMMA
U82;William;A2;A4;R;ALPHA
U82;William;A2;A4;R;DELTA
U82;William;A2;A4;R;GAMMA
U83;Ella;A1;A1;N;ALPHA
U83;Ella;A1;A1;N;BETA
U83;Ella;A1;A1;N;DELTA
U83;Ella;A1;A1;N;GAMMA
U83;Ella;A1;A3;R;ALPHA
U83;Ella;A1;A3;R;BETA
U83;Ella;A1;A3;R;DELTA
U83;Ella;A1;A3;R;GAMMA
U84;Oscar;A3;A1;R;ALPHA
U84;Oscar;A3;A1;R;BETA
U84;Oscar;A3;A1;R;DELTA
U84;Oscar;A3;A1;R;GAMMA
U84;Oscar;A3;A2;R;ALPHA
U84;Oscar;A3;A2;R;BETA
U84;Oscar;A3;A2;R;DELTA
U84;Oscar;A3;A2;R;GAMMA
U84;Oscar;A3;A3;N;ALPHA
U84;Oscar;A3;A3;N;BETA
U84;Oscar;A3;A3;N;DELTA
U84;Oscar;A3;A3;N;GAMMA
U85;Ava;A2;A1;R;ALPHA
U85;Ava;A2;A1;R;BETA
U85;Ava;A2;A1;R;DELTA
U85;Ava;A2;A1;R;GAMMA
U85;Ava;A2;A2;N;ALPHA
U85;Ava;A2;A2;N;BETA
U85;Ava;A2;A2;N;DELTA
U85;Ava;A2;A2;N;GAMMA
U85;Ava;A2;A4;R;ALPHA
U85;Ava;A2;A4;R;DELTA
U85;Ava;A2;A4;R;GAMMA
U86;Ava;A1;A1;N;ALPHA
U86;Ava;A1;A1;N;BETA
U86;Ava;A1;A1;N;DELTA
U86;Ava;A1;A1;N;GAMMA
U86;Ava;A1;A3;R;ALPHA
U86;Ava;A1;A3;R;BETA
U86;Ava;A1;A3;R;DELTA
U86;Ava;A1;A3;R;GAMMA
U87;Daniel;A3;A1;R;ALPHA
U87;Daniel;A3;A1;R;BETA
U87;Daniel;A3;A1;R;DELTA
U87;Daniel;A3;A1;R;GAMMA
U87;Daniel;A3;A2;R;ALPHA
U87;Daniel;A3;A2;R;BETA
U87;Daniel;A3;A2;R;DELTA
U87;Daniel;A3;A2;R;GAMMA
U87;Daniel;A3;A3;N;ALPHA
U87;Daniel;A3;A3;N;BETA
U87;Daniel;A3;A3;N;DELTA
U87;Daniel;A3;A3;N;GAMMA
U88;Emily;A5;A1;R;ALPHA
U88;Emily;A5;A1;R;BETA
U88;Emily;A5;A1;R;DELTA
U88;Emily;A5;A1;R;GAMMA
U88;Emily;A5;A2;R;ALPHA
U88;Emily;A5;A2;R;BETA
U88;Emily;A5;A2;R;DELTA
U88;Emily;A5;A2;R;GAMMA
U88;Emily;A5;A3;R;ALPHA
U88;Emily;A5;A3;R;BETA
U88;Emily;A5;A3;R;DELTA
U88;Emily;A5;A3;R;GAMMA
U88;Emily;A5;A4;R;ALPHA
U88;Emily;A5;A4;R;DELTA
U88;Emily;A5;A4;R;GAMMA
U88;Emily;A5;A5;N;ALPHA
U88;Emily;A5;A5;N;BETA
U88;Emily;A5;A5;N;DELTA
U88;Emily;A5;A5;N;GAMMA
U89;Jack;A2;A1;R;ALPHA
U89;Jack;A2;A1;R;BETA
U89;Jack;A2;A1;R;DELTA
U89;Jack;A2;A1;R;GAMMA
U89;Jack;A2;A2;N;ALPHA
U89;Jack;A2;A2;N;BETA
U89;Jack;A2;A2;N;DELTA
U89;Jack;A2;A2;N;GAMMA
U89;Jack;A2;A4;R;ALPHA
U89;Jack;A2;A4;R;DELTA
U89;Jack;A2;A4;R;GAMMA
U9;Emma;A2;A1;R;ALPHA
U9;Emma;A2;A1;R;BETA
U9;Emma;A2;A1;R;DELTA
U9;Emma;A2;A1;R;GAMMA
U9;Emma;A2;A2;N;ALPHA
U9;Emma;A2;A2;N;BETA
U9;Emma;A2;A2;N;DELTA
U9;Emma;A2;A2;N;GAMMA
U9;Emma;A2;A4;R;ALPHA
U9;Emma;A2;A4;R;DELTA
U9;Emma;A2;A4;R;GAMMA
U90;Eric;A3;A1;R;ALPHA
U90;Eric;A3;A1;R;BETA
U90;Eric;A3;A1;R;DELTA
U90;Eric;A3;A1;R;GAMMA
U90;Eric;A3;A2;R;ALPHA
U90;Eric;A3;A2;R;BETA
U90;Eric;A3;A2;R;DELTA
U90;Eric;A3;A2;R;GAMMA
U90;Eric;A3;A3;N;ALPHA
U90;Eric;A3;A3;N;BETA
U90;Eric;A3;A3;N;DELTA
U90;Eric;A3;A3;N;GAMMA
U91;Chloe;A2;A1;R;ALPHA
U91;Chloe;A2;A1;R;BETA
U91;Chloe;A2;A1;R;DELTA
U91;Chloe;A2;A1;R;GAMMA
U91;Chloe;A2;A2;N;ALPHA
U91;Chloe;A2;A2;N;BETA
U91;Chloe;A2;A2;N;DELTA
U91;Chloe;A2;A2;N;GAMMA
U91;Chloe;A2;A4;R;ALPHA
U91;Chloe;A2;A4;R;DELTA
U91;Chloe;A2;A4;R;GAMMA
U92;Henry;A5;A1;R;ALPHA
U92;Henry;A5;A1;R;BETA
U92;Henry;A5;A1;R;DELTA
U92;Henry;A5;A1;R;GAMMA
U92;Henry;A5;A2;R;ALPHA
U92;Henry;A5;A2;R;BETA
U92;Henry;A5;A2;R;DELTA
U92;Henry;A5;A2;R;GAMMA
U92;Henry;A5;A3;R;ALPHA
U92;Henry;A5;A3;R;BETA
U92;Henry;A5;A3;R;DELTA
U92;Henry;A5;A3;R;GAMMA
U92;Henry;A5;A4;R;ALPHA
U92;Henry;A5;A4;R;DELTA
U92;Henry;A5;A4;R;GAMMA
U92;Henry;A5;A5;N;ALPHA
U92;Henry;A5;A5;N;BETA
U92;Henry;A5;A5;N;DELTA
U92;Henry;A5;A5;N;GAMMA
U93;Sebastian;A1;A1;N;ALPHA
U93;Sebastian;A1;A1;N;BETA
U93;Sebastian;A1;A1;N;DELTA
U93;Sebastian;A1;A1;N;GAMMA
U93;Sebastian;A1;A3;R;ALPHA
U93;Sebastian;A1;A3;R;BETA
U93;Sebastian;A1;A3;R;DELTA
U93;Sebastian;A1;A3;R;GAMMA
U94;Jack;A3;A1;R;ALPHA
U94;Jack;A3;A1;R;BETA
U94;Jack;A3;A1;R;DELTA
U94;Jack;A3;A1;R;GAMMA
U94;Jack;A3;A2;R;ALPHA
U94;Jack;A3;A2;R;BETA
U94;Jack;A3;A2;R;DELTA
U94;Jack;A3;A2;R;GAMMA
U94;Jack;A3;A3;N;ALPHA
U94;Jack;A3;A3;N;BETA
U94;Jack;A3;A3;N;DELTA
U94;Jack;A3;A3;N;GAMMA
U95;Benjamin;A1;A1;N;ALPHA
U95;Benjamin;A1;A1;N;BETA
U95;Benjamin;A1;A1;N;DELTA
U95;Benjamin;A1;A1;N;GAMMA
U95;Benjamin;A1;A3;R;ALPHA
U95;Benjamin;A1;A3;R;BETA
U95;Benjamin;A1;A3;R;DELTA
U95;Benjamin;A1;A3;R;GAMMA
U96;Diana;A3;A1;R;ALPHA
U96;Diana;A3;A1;R;BETA
U96;Diana;A3;A1;R;DELTA
U96;Diana;A3;A1;R;GAMMA
U96;Diana;A3;A2;R;ALPHA
U96;Diana;A3;A2;R;BETA
U96;Diana;A3;A2;R;DELTA
U96;Diana;A3;A2;R;GAMMA
U96;Diana;A3;A3;N;ALPHA
U96;Diana;A3;A3;N;BETA
U96;Diana;A3;A3;N;DELTA
U96;Diana;A3;A3;N;GAMMA
U97;Hannah;A3;A1;R;ALPHA
U97;Hannah;A3;A1;R;BETA
U97;Hannah;A3;A1;R;DELTA
U97;Hannah;A3;A1;R;GAMMA
U97;Hannah;A3;A2;R;ALPHA
U97;Hannah;A3;A2;R;BETA
U97;Hannah;A3;A2;R;DELTA
U97;Hannah;A3;A2;R;GAMMA
U97;Hannah;A3;A3;N;ALPHA
U97;Hannah;A3;A3;N;BETA
U97;Hannah;A3;A3;N;DELTA
U97;Hannah;A3;A3;N;GAMMA
U98;Lucas;A1;A1;N;ALPHA
U98;Lucas;A1;A1;N;BETA
U98;Lucas;A1;A1;N;DELTA
U98;Lucas;A1;A1;N;GAMMA
U98;Lucas;A1;A3;R;ALPHA
U98;Lucas;A1;A3;R;BETA
U98;Lucas;A1;A3;R;DELTA
U98;Lucas;A1;A3;R;GAMMA
U99;Lucas;A5;A1;R;ALPHA
U99;Lucas;A5;A1;R;BETA
U99;Lucas;A5;A1;R;DELTA
U99;Lucas;A5;A1;R;GAMMA
U99;Lucas;A5;A2;R;ALPHA
U99;Lucas;A5;A2;R;BETA
U99;Lucas;A5;A2;R;DELTA
U99;Lucas;A5;A2;R;GAMMA
U99;Lucas;A5;A3;R;ALPHA
U99;Lucas;A5;A3;R;BETA
U99;Lucas;A5;A3;R;DELTA
U99;Lucas;A5;A3;R;GAMMA
U99;Lucas;A5;A4;R;ALPHA
U99;Lucas;A5;A4;R;DELTA
U99;Lucas;A5;A4;R;GAMMA
U99;Lucas;A5;A5;N;ALPHA
U99;Lucas;A5;A5;N;BETA
U99;Lucas;A5;A5;N;DELTA
U99;Lucas;A5;A5;N;GAMMA
