user_id,name,employed_at
U1,Evelyn,A1
U100,Charlie,A1
U15,Olivia,A1
U21,Diana,A1
U22,Mia,A1
U25,Alexander,A1
U27,Henry,A1
U33,Grace,A1
U37,Daniel,A1
U4,Eric,A1
U43,Grace,A1
U50,Emily,A1
U51,Lucas,A1
U68,Charlie,A1
U69,Daniel,A1
U7,William,A1
U72,Jack,A1
U76,Henry,A1
U77,Leo,A1
U8,Alice,A1
U83,Ella,A1
U86,Ava,A1
U93,Sebastian,A1
U95,Benjamin,A1
U98,Lucas,A1
U13,William,A2
U16,Chloe,A2
U19,Eric,A2
U3,Lucas,A2
U32,Isabella,A2
U34,Bob,A2
U36,Charlie,A2
U41,Liam,A2
U44,Jack,A2
U45,Henry,A2
U54,Charlie,A2
U60,Eric,A2
U66,Lucas,A2
U70,Eric,A2
U82,William,A2
U85,Ava,A2
U89,Jack,A2
U9,Emma,A2
U91,Chloe,A2
U18,Sophia,A3
U2,Alice,A3
U20,Chloe,A3
U23,Liam,A3
U24,Jack,A3
U31,Hannah,A3
U35,Chloe,A3
U38,Mia,A3
U39,Ella,A3
U40,James,A3
U42,Leo,A3
U47,Mia,A3
U49,Lucas,A3
U52,Alexander,A3
U53,Mia,A3
U56,Hannah,A3
U59,Eric,A3
U62,Henry,A3
U65,Mia,A3
U75,Ava,A3
U79,Chloe,A3
U80,Chloe,A3
U81,Diana,A3
U84,Oscar,A3
U87,Daniel,A3
U90,Eric,A3
U94,Jack,A3
U96,Diana,A3
U97,Hannah,A3
U17,Grace,A4
U26,Oscar,A4
U28,Sebastian,A4
U46,James,A4
U57,Emma,A4
U58,Mia,A4
U67,Ava,A4
U71,Alexander,A4
U73,Mia,A4
U74,Jack,A4
U10,Ava,A5
U11,Alice,A5
U12,Emma,A5
U14,Ella,A5
U29,Charlie,A5
U30,Noah,A5
U48,Sebastian,A5
U5,Leo,A5
U55,Sebastian,A5
U6,Charlie,A5
U61,Oscar,A5
U63,Oscar,A5
U64,William,A5
U78,Leo,A5
U88,Emily,A5
U92,Henry,A5
U99,Lucas,A5
